date_id,order_date
1,29-06-25
2,3/4/2025
3,15-01-25
4,17-04-25
5,13-03-25
6,8/7/2025
7,21-01-25
8,13-04-25
9,2/5/2025
10,30-07-25
11,3/8/2025
12,16-03-25
13,22-07-25
14,29-03-25
15,27-04-25
16,10/4/2025
17,14-04-25
18,1/6/2025
19,11/5/2025
20,30-05-25
21,22-02-25
22,2/1/2025
23,24-08-25
24,7/6/2025
25,7/2/2025
26,10/5/2025
27,11/7/2025
28,7/7/2025
29,10/6/2025
30,23-07-25
31,27-02-25
32,22-01-25
33,30-03-25
34,18-02-25
35,7/8/2025
36,28-02-25
37,19-06-25
38,8/8/2025
39,27-07-25
40,9/7/2025
41,24-06-25
42,20-02-25
43,18-04-25
44,24-02-25
45,5/3/2025
46,17-08-25
47,15-05-25
48,14-03-25
49,16-06-25
50,18-01-25
51,12/5/2025
52,1/3/2025
53,14-01-25
54,30-08-25
55,9/1/2025
56,31-03-25
57,25-03-25
58,2/4/2025
59,21-04-25
60,18-07-25
61,21-06-25
62,8/1/2025
63,4/2/2025
64,25-07-25
65,22-03-25
66,13-06-25
67,19-02-25
68,14-05-25
69,23-02-25
70,16-04-25
71,4/1/2025
72,9/8/2025
73,10/7/2025
74,26-05-25
75,6/8/2025
76,13-02-25
77,11/6/2025
78,21-07-25
79,16-08-25
80,5/4/2025
81,17-02-25
82,19-07-25
83,9/2/2025
84,1/8/2025
85,25-08-25
86,23-03-25
87,24-01-25
88,3/6/2025
89,5/8/2025
90,4/5/2025
91,10/2/2025
92,6/6/2025
93,14-02-25
94,6/3/2025
95,12/3/2025
96,16-02-25
97,9/5/2025
98,16-05-25
99,4/8/2025
100,19-05-25
101,31-08-25
102,12/6/2025
103,2/2/2025
104,3/5/2025
105,5/1/2025
106,22-08-25
107,19-08-25
108,28-01-25
109,20-07-25
110,12/1/2025
111,31-05-25
112,6/2/2025
113,9/4/2025
114,2/8/2025
115,12/7/2025
116,15-08-25
117,11/4/2025
118,1/1/2025
119,22-05-25
120,27-01-25
121,17-05-25
122,26-07-25
123,11/2/2025
124,24-07-25
125,28-06-25
126,6/4/2025
127,29-08-25
128,21-02-25
129,10/8/2025
130,23-05-25
131,20-06-25
132,29-01-25
133,5/2/2025
134,13-01-25
135,9/6/2025
136,6/7/2025
137,4/7/2025
138,30-01-25
139,8/5/2025
140,13-08-25
141,1/5/2025
142,26-04-25
143,21-08-25
144,3/1/2025
145,17-07-25
146,4/6/2025
147,14-06-25
148,28-04-25
149,23-04-25
150,5/7/2025
151,8/2/2025
152,3/7/2025
153,12/8/2025
154,27-05-25
155,6/5/2025
156,2/7/2025
157,25-05-25
158,8/4/2025
159,28-08-25
160,24-05-25
161,7/4/2025
162,28-05-25
163,14-07-25
164,17-06-25
165,11/1/2025
166,27-06-25
167,8/6/2025
168,7/1/2025
169,22-04-25
170,20-05-25
171,16-07-25
172,30-04-25
173,15-06-25
174,2/6/2025
175,20-04-25
176,13-07-25
177,18-06-25
178,25-06-25
179,25-04-25
180,29-04-25
181,26-08-25
182,18-08-25
183,19-04-25
184,1/7/2025
185,14-08-25
186,17-01-25
187,15-02-25
188,6/1/2025
189,30-06-25
190,25-01-25
191,11/8/2025
192,23-06-25
193,24-04-25
194,1/2/2025
195,7/5/2025
196,12/2/2025
197,26-01-25
198,26-02-25
199,22-06-25
200,20-01-25
201,5/5/2025
202,23-08-25
203,15-07-25
204,4/4/2025
205,19-01-25
206,23-01-25
207,27-08-25
208,3/2/2025
209,20-08-25
210,16-01-25
211,10/1/2025
212,18-05-25
213,21-05-25
214,15-04-25
215,26-06-25
216,29-07-25
217,13-05-25
218,1/4/2025
219,25-02-25
220,29-05-25
221,12/4/2025
222,5/6/2025
223,31-07-25
224,28-07-25
225,31-01-25
226,28-03-25
227,24-03-25
228,10/3/2025
229,15-03-25
230,19-03-25
231,26-03-25
232,17-03-25
233,18-03-25
234,20-03-25
235,4/3/2025
236,11/3/2025
237,3/3/2025
238,9/3/2025
239,7/3/2025
240,21-03-25
241,2/3/2025
242,27-03-25
243,8/3/2025
